EPOCH	TIMESTAMP	LEARNING_RATE	TRAIN_LOSS	DEV_LOSS	DEV_PRECISION	DEV_RECALL	DEV_F1	DEV_ACCURACY
1	22:28:18	0.0000	0.2793	0.2177	0.9591	0.9591	0.9591	0.9591
EPOCH	TIMESTAMP	LEARNING_RATE	TRAIN_LOSS	DEV_LOSS	DEV_PRECISION	DEV_RECALL	DEV_F1	DEV_ACCURACY
1	23:10:09	0.0000	0.2949	0.3225	0.9312	0.9312	0.9312	0.9312
2	23:11:20	0.0000	0.1593	0.1896	0.9668	0.9668	0.9668	0.9668
3	23:12:33	0.0000	0.1034	0.2323	0.9514	0.9514	0.9514	0.9514
4	23:13:46	0.0000	0.0693	0.2531	0.9625	0.9625	0.9625	0.9625
5	23:15:02	0.0000	0.0450	0.2471	0.9644	0.9644	0.9644	0.9644
6	23:16:22	0.0000	0.0406	0.2291	0.9673	0.9673	0.9673	0.9673
7	23:17:45	0.0000	0.0274	0.2688	0.9716	0.9716	0.9716	0.9716
8	23:19:01	0.0000	0.0232	0.3090	0.9726	0.9726	0.9726	0.9726
9	23:20:18	0.0000	0.0204	0.3203	0.9745	0.9745	0.9745	0.9745
10	23:21:34	0.0000	0.0202	0.3206	0.9731	0.9731	0.9731	0.9731
